2010/10/3,Bulls,,Carlos Boozer,fractured bone in right pinky finger (out indefinitely)
2010/10/6,Pistons,,Jonas Jerebko,torn right Acchilles tendon (out indefinitely)
2010/10/6,Pistons,,Terrico White,broken fifth metatarsal in right foot (out indefinitely)
2010/10/8,Blazers,,Jeff Pendergraph / Jeff Ayres,torn ACL in right knee (out indefinitely)
2010/10/8,Nets,,Troy Murphy,strained lower back (out indefinitely)
2010/10/8,Pistons,,Jonas Jerebko,surgery to repair torn right Achilles tendon
2010/10/8,Pistons,,Terrico White,surgery on right foot to repair broken fifth metatarsal
2010/10/9,Nuggets,,Al Harrington,partially torn plantar fascia in left foot (out indefinitely)
2010/10/12,Bucks,,Darington Hobson,surgery on left hip (out for season)
2010/10/12,Kings,,Samuel Dalembert,strained left groin (out indefinitely)
2010/10/17,Bobcats,,Dominic McGuire,stress fracture in left shin (out indefinitely)
2010/10/18,Warriors,,Louis Amundson / Lou Amundson,surgery to repair fractured right index finger (out indefinitely)
2010/10/19,Suns,,Josh Childress,fractured right index finger (out indefinitely)
2010/10/22,Heat,,Mike Miller,surgery on right hand to repair a broken thumb and ligament damage (out indefinitely)
2010/10/25,Thunder,,Nick Collison,left knee injury (out indefinitely)
2010/10/25,Timberwolves,,Martell Webster,surgery on back (out indefinitely)
2010/10/26,Heat,,Mario Chalmers,sprained ankle (out indefinitely)
2010/11/4,Blazers,,Elliot Williams,"dislocated patella in right knee (surgery, out for season)"
2010/11/11,Spurs,,James Anderson,stress fracture in right foot (out indefinitely)
2010/11/11,Warriors,,David Lee,placed on IL with infection in left elbow
2010/11/12,Warriors,,David Lee,surgery on left elbow to repair infection
2010/11/19,Blazers,,Greg Oden,mircofracture surgery on left knee (out for season)
2010/11/23,Heat,,Udonis Haslem,surgery on left foot to repair torn ligament (out for season)
2010/11/24,Celtics,,Delonte West,broken right wrist (out indefinitely)
2010/11/26,Raptors,,Reggie Evans,broken right foot (out indefinitely)
2010/11/30,Celtics,,Delonte West,surgery to repair broken right wrist
2010/12/2,Hawks,,Joe Johnson,arthroscopic surgery on right elbow to remove loose particle (out indefinitely)
2010/12/13,Nets,,Damion James,surgery to insert screw to repair broken right foot (out indefinitely)
2010/12/15,Bulls,,Joakim Noah,torn ligament in right thumb (out indefinitely)
2010/12/15,Wizards,,Yi Jianlian / Jianlian Yi,sprained right knee (out indefinitely)
2010/12/16,Bulls,,Joakim Noah,surgery on right thumb to repair torn ligament (out indefinitely)
2010/12/16,Rockets,,Yao Ming,stress fracture in left ankle (out for season)
2010/12/20,Clippers,,Craig Smith,back injury (out indefinitely)
2010/12/23,Magic,,Daniel Orton,arthroscopic surgery on left knee (out for season)
2010/12/30,Rockets,,Chuck Hayes,sprained right ankle (out indefinitely)
2010/12/31,Cavaliers,,Anderson Varejao,fractured cheekbone (out indefinitely)
2010/12/31,Warriors,,Brandan Wright,strained lower back (out indefinitely)
2011/1/3,Knicks,,Danilo Gallinari,sprained left knee (out indefinitely)
2011/1/4,Mavericks,,Caron Butler,surgery on right knee to repair torn patella tendon (out for season)
2011/1/5,Bobcats,,DeSagana Diop,surgery to repair ruptured right Achilles tendon (out for season)
2011/1/5,Bucks,,Brandon Jennings,surgery on left foot (out indefinitely)
2011/1/6,Suns,,Gani Lawal,torn ACL and partially torn MCL in right knee (out for season)
2011/1/7,Cavaliers,,Anderson Varejao,torn tendon in right ankle (out for season)
2011/1/7,Rockets,,Yao Ming,surgery on left ankle to repair stress fracture (out for season)
2011/1/8,Lakers,,Matt Barnes,torn cartilage in right knee (out indefinitely)
2011/1/11,Lakers,,Matt Barnes,surgery on right knee to repair torn lateral meniscus (out indefinitely)
2011/1/17,Blazers,,Brandon Roy,arthroscopic surgery on both knees (out indefinitely)
2011/1/20,Blazers,,Marcus Camby,arthroscopic surgery on left knee to repair torn meniscus
2011/1/22,Magic,,Jason Williams,foot injury (out indefinitely)
2011/1/30,Suns,,Gani Lawal,surgery on right knee to repair torn ACL and partially torn MCL (out for season)
2011/2/3,Raptors,,Linas Kleiza,microfracture surgery on right knee to repair cartilage damage (out for season)
2011/2/4,Kings,,Hassan Whiteside,torn patella tendon in left knee (out for season)
2011/2/6,Celtics,,Marquis Daniels,bruised spinal cord (out indefinitely)
2011/2/8,Mavericks,,Dominique Jones,stress fracture in fifth metatarsal in right foot (out indefinitely)
2011/2/11,Mavericks,,Dominique Jones,surgery on right foot to repair stress fracture in fifth metatarsal (out indefinitely)
2011/2/12,Cavaliers,,Anderson Varejao,surgery on right ankle to repair torn tendon (date approximate)
2011/2/15,Heat,,Dexter Pittman,surgery on right knee to repair cartilage (out indefinitely)
2011/2/16,Grizzlies,,Rudy Gay,partially dislocated left shoulder (out indefinitely)
2011/2/27,Cavaliers,,Antawn Jamison,broken left little finger (out indefinitely)
2011/2/28,Cavaliers,,Antawn Jamison,surgery to repair broken left little finger (out indefinitely)
2011/2/28,Spurs,,(William) Tony Parker,strained left calf muscle (out indefinitely)
2011/3/3,Celtics,,Glen Davis,patellar tendinitis in left knee (out indefinitely)
2011/3/3,Thunder,,Nate Robinson,arthroscopic surgery on right knee (out indefinitely)
2011/3/5,Kings,,Hassan Whiteside,surgery on left knee to repair torn patella tendon (out for season)
2011/3/7,Suns,,Channing Frye,dislocated right shoulder (out indefinitely)
2011/3/15,Rockets,,Terrence Williams,surgery to relieve lower abdomen stress (out indefinteily)
2011/3/21,Heat,,Mario Chalmers,sprained right knee (out indefinitely)
2011/3/21,Spurs,,Tim Duncan,sprained left ankle (out indefinitely)
2011/3/25,Grizzlies,,Rudy Gay,surgery to repair partially dislocated left shoulder (out for season)
2011/3/30,Kings,,Marquis Daniels,surgery on back (out for season)
2011/3/31,Bobcats,,Joel Przybilla,surgery on knee to remove wires that were inserted to help heal torn patella tendon (out for season) (date approximate)
2011/4/7,Warriors,,Acie Law,surgery on right wrist to remove bone spur (out for season)
2011/4/8,Knicks,,Andy Rautins,surgery on knee (date approximate)
2011/4/11,Nets,,Deron Williams,surgery on right wrist to remove bone fragments and scar tissue (out for season)
2011/4/12,Bucks,,Andrew Bogut,arthroscopic surgery on right elbow to remove loose particles and scar tissue (out for season)
2011/4/12,Hornets,,David West,surgery on left knee to repair torn ACL (out for season)
2011/4/12,Lakers,,Andrew Bynum,hyperextended right knee (left game)
2011/4/16,Cavaliers,,Ramon Sessions,surgery to repair hernia (out indefinitely)
2011/4/16,Cavaliers,,Samardo Samuels,surgery on right wrist (out indefinitely)
2011/4/16,Cavaliers,,Semih Erden,surgery to repair separated left shoulder (out indefinitely)
2011/4/18,Rockets,,Luis Scola,arthroscopic surgery on left knee (out indefinitely)
2011/5/4,Knicks,,Toney Douglas,surgery on right shoulder to repair torn labrum (out indefinitely)
2011/5/4,Nets,,Brook Lopez,surgery on upper right arm to remove bone mass and calcium deposit (out indefinitely)
2011/5/10,Bobcats,,Gerald Henderson (b),surgery on left hip to repair torn labrum (out indefinitely)
2011/5/25,Bulls,,Omer Asik,stress fracture in left fibula (out for season)
2011/5/25,Warriors,,Stephen Curry,surgery on right ankle (out indefinitely)
2011/6/3,Raptors,,Amir Johnson,surgery on left ankle (out indefinitely)
2011/6/8,Hawks,,Marvin Williams,surgery on back to repair bulging disc (out indefinitely)
2011/6/15,Kings,,Jason Thompson,fractured right big toe (out for season)
2011/6/27,Mavericks,,Rodrigue Beaubois,surgery on left foot (out indefinitely)
2011/9/28,Timberwolves,,Martell Webster,surgery on back (out indefinitely)
2011/10/7,Clippers,,Eric Bledsoe,surgery on right knee to repair torn lateral meniscus (out indefinitely)
2011/12/1,Heat,,Mike Miller,surgery to repair hernia (out indefinitely) (date approximate)
2011/12/12,Spurs,,Gary Neal,appendectomy (out indefinitely)
2011/12/14,Lakers,,Derrick Caracter,surgery on left knee to repair torn menuscus (out indefinitely)
2011/12/16,Bobcats,,Eduardo Najera,surgery on left knee to repair torn cartilage (out indefinitely)
2011/12/16,Bobcats,,Reggie Williams,torn meniscus in left knee (out indefinitely)
2011/12/17,Celtics,,Jeff Green,surgery on heart to repair aortic aneurysm (out for season)
2011/12/20,Grizzlies,,Darrell Arthur,ruptured right Achilles tendon (out for season)
2011/12/22,Nets,,Brook Lopez,surgery on right foot to repair stress fracture (out indefinitely)
2011/12/25,Blazers,,Greg Oden,surgery on left knee (out indefinitely)
2011/12/25,Bobcats,,Reggie Williams,surrgery on left knee to repair torn meniscus (out indefinitely)
2011/12/25,Cavaliers,,Semih Erden,left thumb injury (out indefinitely)
2011/12/25,Grizzlies,,Xavier Henry,right ankle injury (out indefinitely)
2011/12/25,Hawks,,Kirk Hinrich,surgery on left shoulder (out indefinitely)
2011/12/25,Hornets,,DaJuan Summers,hyperextended right knee (out indefinitely)
2011/12/25,Knicks,,Iman Shumpert,sprained MCL in right knee (out indefinitely)
2011/12/25,Raptors,,Linas Kleiza,recovering from microfracture surgery on right knee to repair cartilage damage (out indefinitely)
2011/12/25,Timberwolves,,Brad Miller,surgery on left knee (out indefinitely)
2011/12/25,Clippers,,Eric Bledsoe,surgery on right knee to repair torn lateral meniscus (out indefinitely)
2012/1/2,Spurs,,Emanuel Ginobili / Manu Ginobili,broken bone in left hand (out indefinitely)
2012/1/4,Thunder,,Ryan Reid,surgery to repair broken nose (out indefinitely)
2012/1/6,Kings,,Chuck Hayes,dislocated left shoulder (out indefinitely)
2012/1/7,Timberwolves,,Michael Beasley,sprained right foot (out indefinitely)
2012/1/17,Hawks,,Al Horford,surgery to repair torn left pectoral muscle (out for season)
2012/1/18,Thunder,,Eric Maynor,surgery on right knee to repair torn ACL (out for season)
2012/1/19,Warriors,,Kwame Brown,surgery to repair torn pectoralis major muscle in chest
2012/1/24,Nets,,Damion James,surgery on right foot to replace previously inserted screw (out for season)
2012/1/26,Bucks,,Andrew Bogut,fractured left ankle (out indefinitely)
2012/1/30,Nets,,MarShon Brooks,fractured right little toe (out indefinitely)
2012/2/2,Bobcats,,Gerald Henderson (b),strained right hamstring (out indefinitely)
2012/2/3,Blazers,,Greg Oden,surgery on right knee to remove debris (out indefinitely)
2012/2/7,Clippers,,Chauncey Billups,torn left Achilles tendon (out for season)
2012/2/7,Knicks,,Carmelo Anthony,strained right groin (out indefinitely)
2012/2/7,Nuggets,,Danilo Gallinari,chip fracture in left ankle (out indefinitely)
2012/2/9,Nets,,Keith Bogans,fractured left ankle / torn ligament in left ankle (out for season)
2012/2/14,Clippers,,Chauncey Billups,surgery to repair torn left Achilles tendon (out for season)
2012/2/17,Mavericks,,Delonte West,surgery on broken right ring finger to insert pins (out indefinitely)
2012/2/20,Blazers,,Greg Oden,microfracture surgery on left knee (out indefinitely)
2012/2/22,Nets,,Shawne Williams,surgery on left foot to remove bone fragment (out for season)
2012/3/9,Timberwolves,,Ricky Rubio,torn ACL in left knee (out for season)
2012/3/19,Hawks,,Jannero Pargo,appendectomy (out indefinitely)
2012/3/21,Blazers,,Elliot Williams,surgery on left shoulder (out for season) (date approximate)
2012/3/21,Timberwolves,,Ricky Rubio,surgery on left knee to repair torn ACL
2012/3/27,Raptors,,Jerryd Bayless,partially torn left oblique muscle (out for season)
2012/3/29,Nuggets,,Rudy Fernandez,surgery on lower back (out for season)
2012/3/30,Celtics,,Jermaine O'Neal,arthroscopic surgery on left wrist (out for season)
2012/3/30,Suns,,Grant Hill,surgery on right knee to repair torn meniscus
2012/4/2,Cavaliers,,Daniel Gibson,surgery on left foot and ankle to repair torn tendon
2012/4/2,Knicks,,Jeremy Lin,surgery on left knee to repair torn meniscus (out for season)
2012/4/6,Magic,,Hidayet Turkoglu / Hedo Turkoglu,surgery to repair facial fracture (out for season)
2012/4/12,Blazers,,LaMarcus Aldridge,surgery on right hip to repair torn labrum (out for season) (date approximate)
2012/4/16,Wizards,,Roger Mason Jr.,surgery on broken left index finger (out for season)
2012/4/18,Warriors,,Nate Robinson,hamstring injury (out for season)
2012/4/20,Magic,,Dwight Howard,surgery on back to repair herniated disc (out for season)
2012/4/21,Warriors,,Andrew Bogut,surgery on left ankle to clean out fragments and scar tissue (date approximate)
2012/4/22,Rockets,,Kyle Lowry,hernia (out for season)
2012/4/25,Warriors,,Stephen Curry,arthroscopic surgery on right ankle (out for season)
2012/4/26,Heat,,Chris Bosh,placed on IL with leg muscle fatigue
2012/4/26,Warriors,,David Lee,surgery to repair torn abdominal muscle (out for season)
2012/4/28,Bulls,,Derrick Rose,torn ACL in left knee (out for season)
2012/4/28,Knicks,,Iman Shumpert,torn lateral meniscus / ACL (CBC) in left knee (out for season)
2012/4/29,Clippers,,Caron Butler,fractured metacarpal bone in left hand (out for season)
2012/4/30,Nuggets,,Wilson Chandler,surgery on left hip to repair torn labrum (out for season)
2012/5/1,Rockets,,Kyle Lowry,surgery to repair sports hernia (out indefinitely)
2012/5/2,Suns,,Channing Frye,surgery on right shoulder (out indefinitely)
2012/5/3,Bucks,,Carlos Delfino,surgery to repair sports hernia (out indefinitely)
2012/5/6,Knicks,,Baron Davis,"torn ACL, MCL, and patella tendon in right knee (out for season)"
2012/5/7,Bucks,,Luc Richard Mbah a Moute / Luc Mbah a Moute,surgery on right knee to repair tendinitis
2012/5/10,Blazers,,LaMarcus Aldridge,arthroscopic surgery on right hip to repair torn labrum (out indefinitely)
2012/5/12,Bulls,,Derrick Rose,surgery on left knee to repair torn ACL
2012/5/15,Timberwolves,,Nikola Pekovic,surgery on right ankle to remove bone spurs (out indefinitely)
2012/5/16,Nuggets,,Al Harrington,surgery on right knee to repair torn meniscus (out indefinitely)
2012/5/25,Celtics,,Avery Bradley,surgery on left shoulder (out for season)
2012/6/14,Celtics,,Mickael Pietrus,arthroscopic surgery on right knee (out indefinitely)
2012/6/14,Celtics,,Ray Allen,arthroscopic surgery on right ankle to remove bone spurs (out indefinitely)
2012/7/10,Heat,,Dwyane Wade,surgery on left knee (out indefinitely)
2012/7/11,Thunder,,Hollis Thompson,surgery on left groin (out indefinitely)
2012/7/12,Clippers,,Blake Griffin,torn meniscus in left knee (out indefinitely)
2012/7/12,Thunder,,Kendrick Perkins,surgery on right groin (out indefinitely)
2012/7/14,Cavaliers,,Kyrie Irving,broken right hand (out indefinitely)
2012/7/16,Clippers,,Blake Griffin,surgery on left knee to repair torn meniscus (out indefinitely)
2012/7/18,Cavaliers,,Kyrie Irving,surgery to repair broken right hand (out indefinitely)
2012/7/19,Thunder,,Kendrick Perkins,surgery on left wrist to repair torn ligament (out indefinitely)
2012/7/27,Hornets,,Austin Rivers,surgery on right ankle to remove bone spurs (out indefinitely)
2012/8/5,Hornets,,Robin Lopez,surgery on left knee to repair medial meniscus
2012/8/21,Clippers,,Chris Paul,surgery on right thumb to repair torn ligament (out indefinitely)
2012/9/7,Knicks,,Ronnie Brewer,surgery on left knee to repair torn meniscus (out indefinitely)
2012/9/11,Blazers,,Elliot Williams,torn left Achilles tendon (out indefinitely)
2012/9/14,Blazers,,Elliot Williams,surgery to repair torn left Achilles tendon (out for season)
2012/9/20,Suns,,Channing Frye,enlarged heart (out indefinitely)
2012/9/24,Lakers,,Steve Blake,foot injury (out indefinitely)
2012/9/26,Grizzlies,,Darrell Arthur,fractured fibula in left leg (out indefinitely)
2012/9/28,Wizards,,John Wall (a),stress fracture in left kneecap (out indefinitely)
2012/10/1,76ers,,Andrew Bynum,rehab on knee (out indefinitely)
2012/10/10,Knicks,,Chris Smith (c),surgery on knee (out indefinitely)
2012/10/17,Timberwolves,,Kevin Love,fractured right hand (out indefinitely)
2012/10/19,Mavericks,,Dirk Nowitzki,arthroscopic surgery on right knee (out indefinitely)
2012/10/21,Knicks,,Amare Stoudemire / Amar'e Stoudemire,ruptured cyst in left knee (out indefinitely)
2012/10/30,Bulls,,Derrick Rose,recovering from surgery on left knee to repair torn ACL (out indefinitely)
2012/10/30,Knicks,,Amare Stoudemire / Amar'e Stoudemire,arthroscopic surgery on left knee (out indefinitely) (date approximate)
2012/10/30,Knicks,,Iman Shumpert,recovering from surgery on left knee to repair torn lateral meniscus / ACL (CBC) (out indefinitely)
2012/10/30,Nuggets,,Julyan Stone,surgery on hip (out indefinitely)
2012/10/30,Pacers,,Danny Granger,sore left knee (out indefinitely)
2012/10/30,Celtics,,Avery Bradley,surgery on left shoulder (out indefinitely)
2012/11/3,Nuggets,,Wilson Chandler,recovering from surgery on left hip to repair torn labrum (out indefinitely)
2012/11/3,Warriors,,Brandon Rush,torn ACL in left knee (out for season)
2012/11/6,Bobcats,,Gerald Henderson (b),sprained left foot (out indefinitely)
2012/11/7,Lakers,,Earl Clark,strained left groin (out indefinitely)
2012/11/11,Timberwolves,,Chase Budinger,torn meniscus in left knee (out indefinitely)
2012/11/13,Timberwolves,,Chase Budinger,surgery on left knee to repair torn meniscus (out indefinitely)
2012/11/15,Raptors,,Landry Fields,ulnar nerve transpostion surgery on right elbow (out indefinitely)
2012/11/16,Cavaliers,,Luke Harangody,surgury on right knee (out indefinitely)
2012/11/16,Spurs,,Kawhi Leonard,quadriceps tendinitis in left knee (out indefinitely)
2012/11/19,Cavaliers,,Kyrie Irving,fractured left index finger (out indefinitely)
2012/11/19,Spurs,,Stephen Jackson,fractured right pinky finger (out indefinitely)
2012/11/19,Timberwolves,,Brandon Roy,arthroscopic surgery on right knee (out indefinitely)
2012/12/2,Bulls,,Richard Hamilton,torn plantar fascia in left foot (out indefinitely)
2012/12/3,Lakers,,Steve Blake,surgery to repair torn abdominal muscle (out indefinitely) (date approximate)
2012/12/19,Celtics,,Chris Wilcox,sprained right thumb (out indefinitely)
2012/12/20,Magic,,Glen Davis,strained left shoulder (out indefinitely)
2012/12/20,Timberwolves,,Josh Howard,torn ACL in right knee (out indefinitely)
2012/12/21,Raptors,,Jonas Valanciunas,fractured right ring finger (out indefinitely)
2012/12/23,Bobcats,,Byron Mullens / B.J. Mullens,sprained left ankle (out indefinitely)
2012/12/23,Jazz,,Maurice Williams / Mo Williams,sprained right thumb (out indefiinitely)
2013/1/2,Jazz,,Maurice Williams / Mo Williams,surgery on right thumb (out indefinitely)
2013/1/10,Cavaliers,,Anderson Varejao,surgery on right knee to repair torn muscle
2013/1/12,Timberwolves,,Malcolm Lee / Malcom Lee,surgery on right knee and right hip (out for season) (date approximate)
2013/1/14,Spurs,,Emanuel Ginobili / Manu Ginobili,strained left hamstring (out indefinitely)
2013/1/15,Timberwolves,,Kevin Love,surgery to repair fractured right hand/finger
2013/1/17,Timberwolves,,Malcolm Lee / Malcom Lee,recovering from surgery on right knee and right hip
2013/1/21,Cavaliers,,Anderson Varejao,blood clot in right lung (out for season)
2013/1/23,Lakers,,Jordan Hill,"surgery on left hip to remove loose fragments, repair a torn labrum, and microfracture to repair damaged cartilage (out indefinitely)"
2013/1/28,Nets,,Tornike Shengelia,concussion (out indefinitely)
2013/1/30,Magic,,Glen Davis,fractured left foot (out indefinitely)
2013/2/5,76ers,,Thaddeus Young,strained left hamstring (out indefinitely)
2013/2/6,Lakers,,Pau Gasol,torn plantar fascia in right foot (out indefinitely)
2013/2/7,Hawks,,Louis Williams / Lou Williams,surgery on right knee to repair torn ACL (out for season)
2013/2/8,76ers,,Jason Richardson,surgery on left knee (out for season) (date approximate)
2013/2/12,Celtics,,Leandro Barbosa,torn ACL in left knee (out for season)
2013/2/13,Celtics,,Rajon Rondo,surgery on left knee to repair torn ACL (out for season)
2013/2/24,Cavaliers,,Omri Casspi,appendectomy (out indefinitely)
2013/3/2,Spurs,,(William) Tony Parker,sprained left ankle (out indefinitely)
2013/3/7,Bobcats,,Ramon Sessions,sprained MCL in left knee (out for season)
2013/3/7,Hornets,,Austin Rivers,fractured hand (out indefinitely)
2013/3/7,Suns,,Marcin Gortat,sprained right foot (out indefinitely)
2013/3/11,Cavaliers,,Kyrie Irving,sprained left shoulder (out indefinitely)
2013/3/14,Lakers,,Kobe Bryant,sprained left ankle (out indefinitely)
2013/3/17,Mavericks,,Rodrigue Beaubois,fractured left hand (out indefinitely)
2013/3/18,76ers,,Andrew Bynum,arthroscopic surgery on both knees (date approximate)
2013/3/21,Bobcats,,Brendan Haywood,stress fracture in left foot (out for season)
2013/3/23,Magic,,Arron Afflalo,strained right hamstring (out for season)
2013/3/27,Jazz,,Enes Kanter,dislocated left shoulder (out indefinitely)
2013/3/27,Lakers,,Metta World Peace / Ron Artest,torn meniscus in left knee (out indefinitely)
2013/3/28,Lakers,,Metta World Peace / Ron Artest,surgery on left knee to repair torn meniscus (out indefinitely)
2013/4/3,Hawks,,Zaur Pachulia / Zaza Pachulia,surgery on right Achilles tendon (out for season)
2013/4/4,Pacers,,Danny Granger,surgery on left knee (out for season)
2013/4/5,Nuggets,,Danilo Gallinari,torn ACL in left knee (out for season)
2013/4/10,Jazz,,Enes Kanter,surgery to repair dislocated left shoulder (out indefinitely)
2013/4/10,Timberwolves,,Kevin Love,surgery on left knee to remove scar tissue (out for season))
2013/4/11,Hornets,,Anthony Davis,sprained MCL and bone bruise in left knee (out indefinitely)
2013/4/12,Lakers,,Kobe Bryant,torn left Achilles tendon (out indefinitely)
2013/4/13,Lakers,,Kobe Bryant,surgery to repair torn left Achilles tendon (out indefinitely)
2013/4/21,Warriors,,David Lee,torn right hip flexor (out for season)
2013/4/26,Thunder,,Russell Westbrook,torn lateral meniscus in right knee (out indefinitely)
2013/4/27,Thunder,Russell Westbrook,,surgery on right knee to repair torn lateral meniscus (out for season)
2013/4/30,Nuggets,,Danilo Gallinari,surgery on left knee to repair meniscus damage (out for season)
2013/5/6,Celtics,,Jason Terry,arthroscopic surgery on left knee (date approximate)
2013/5/10,Lakers,,Pau Gasol,ultrasonic treatment on both knees to remove scar tissue (out indefinitely)
2013/5/10,Pelicans,,Eric Gordon,arthroscopic surgery on left ankle to remove scar tissue (out indefinitely)
2013/5/30,Blazers,,Wesley Matthews / Wes Matthews Jr.,arthroscopic surgery on left elbow to remove debris (out indefinitely)
2013/5/30,Rockets,,Carlos Delfino,surgery on right foot to repair fracture (out indefinitely)
2013/5/30,Warriors,,David Lee,surgery on right hip to repair torn hip flexor (out for season)
2013/5/31,Jazz,,Marvin Williams,surgery on right heel and Achilles tendon (out indefinitely) (date approximate)
2013/6/3,Nuggets,,Danilo Gallinari,surgery on left knee to repair torn ACL (out indefinitely) (date approximate)
2013/6/13,Warriors,,Festus Ezeli,surgery on right knee to repair sprained MCL (out indefinitely)
2013/6/25,Nets,,Brook Lopez,surgery on right foot to replace screw (out indefinitely)
2013/7/12,Mavericks,,Shane Larkin,fractured right ankle (out indefinitely)
2013/7/12,Suns,,Alex Len,surgery on left / right (P) ankle to repair stress fracture (out indefinitely)
2013/7/15,Knicks,,J.R. Smith,surgery on left knee to repair tear in lateral meniscus (out indefinitely)
2013/7/16,Mavericks,,Shane Larkin,surgery to repair fractured right ankle (out indefinitely)
2013/8/1,Pacers,,Chris Copeland,arthroscopic surgery on left knee to remove loose body (out indefinitely)
2013/9/9,Pelicans,,Darius Miller,surgery on left foot to repair stress fracture (out indefinitely)
2013/9/18,Wizards,,Chris Singleton,surgery on left foot (out indefinitely)
2013/9/18,Wizards,,Emeka Okafor,herniated disc in neck (out indefinitely)
2013/9/19,Wizards,,Chris Singleton,surgery on left foot to repair fractured bone (out indefinitely)
2013/9/27,76ers,,Arnett Moultrie,surgery on left ankle (out indefinitely)
2013/9/27,Timberwolves,,Chase Budinger,damaged cartilage in left knee (out indefinitely)
2013/10/1,Thunder,,Russell Westbrook,arthroscopic surgery on right knee (out indefinitely)
2013/10/5,Blazers,,C.J. McCollum,fractured bone in left foot (out indefinitely)
2013/10/8,Hawks,,Gustavo Ayon,strained right rotator cuff (out indefinitely)
2013/10/10,Bobcats,,Brendan Haywood,stress fracture in left foot (out indefinitely)
2013/10/10,Mavericks,,Brandan Wright,fractured left shoulder (surgery) (out indefinitely)
2013/10/10,Pistons,,Rodney Stuckey,fractured right thumb (out indefinitely)
2013/10/11,Bucks,,Ekpe Udoh,arthroscopic surgery on right knee (out indefinitely)
2013/10/11,Pistons,,Rodney Stuckey,surgery to repair fractured right thumb (out indefinitely)
2013/10/12,Bobcats,,Cody Zeller,appendectomy (out indefinitely)
2013/10/12,Jazz,,Trey Burke,fractured right index finger (out indefinitely)
2013/10/15,Jazz,,Trey Burke,surgery to repair fractured right index finger (out indefinitely)
2013/10/15,Kings,,Carl Landry,surgery on left hip to repair torn hip flexor muscle (out indefinitely)
2013/10/15,Pistons,,Brandon Jennings,impacted wisdom tooth (out indefinitely)
2013/10/16,Clippers,,Maalik Wayns,surgery on left knee to repair torn meniscus (out indefinitely) (date approximate)
2013/10/17,Bobcats,,Brendan Haywood,surgery on left foot to repair stress fracture (out indefinitely)
2013/10/28,Pacers,,Danny Granger,strained left calf (out indefinitely)
2013/10/29,Bucks,,Carlos Delfino,recovering from surgery on right foot (out indefinitely)
2013/10/29,Cavaliers,,Carrick Felix,sports hernia (out indefinitely)
2013/10/29,Celtics,,Rajon Rondo,recovering from surgery on left knee to repair torn ACL (out indefinitely)
2013/10/29,Hawks,,Louis Williams / Lou Williams,recovering from surgery on right knee (out indefinitely)
2013/10/29,Nuggets,,Danilo Gallinari,recovering from surgery on left knee to repair torn ACL (out indefinitely)
2013/10/29,Timberwolves,,Chase Budinger,recovering from surgery on left knee (out indefinitely)
2013/10/29,Warriors,,Festus Ezeli,recovering from surgery on right knee (out for season)
2013/11/1,Timberwolves,,Ronny Turiaf,fractured right elbow (out indefinitely)
2013/11/6,Knicks,,Tyson Chandler,fractured right fibula (out indefinitely)
2013/11/8,Bobcats,,Steve Clifford,head coach underwent heart procedure (out indefinitely)
2013/11/10,Nuggets,,JaVale McGee,stress fracture in left tibia (out indefinitely)
2013/11/11,Bobcats,Steve Clifford,,head coach returned to team
2013/11/11,Bucks,,Larry Sanders,surgery on right thumb to repaor torn ligament (out indefinitely)
2013/11/11,Lakers,,Steve Nash,nerve irritation in back (out indefinitely)
2013/11/21,Clippers,,Matt Barnes,surgery on left eye to repair torn retina (out indefinitely)
2013/11/23,Bulls,,Derrick Rose,torn meniscus in right knee (out for season)
2013/11/23,Grizzlies,,Marc Gasol,sprained MCL in left knee (out indefinitely)
2013/11/25,Bulls,,Derrick Rose,surgery on right knee to repair torn meniscus (out for season)
2013/11/30,Jazz,,Andris Biedrins,sprained left ankle (out indefinitely)
2013/12/1,Pelicans,,Anthony Davis,fractured left hand (out indefinitely)
2013/12/2,Lakers,,Jordan Farmar,torn left hamstring (out indefinitely)
2013/12/4,Bobcats,,Michael Kidd-Gilchrist,fractured left hand (out indefinitely)
2013/12/9,Bucks,,Zaur Pachulia / Zaza Pachulia,fractured right foot (out indefinitely)
2013/12/9,Pelicans,,Tyreke Evans,sprained left ankle (out indefinitely)
2013/12/12,Lakers,,Steve Blake,torn ligament in right elbow (out indefinitely)
2013/12/13,Warriors,,Jermaine O'Neal,arthroscopic surgery on right wrist to repair torn ligament (out indefinitely)
2013/12/14,Bucks,,Carlos Delfino,surgery on right foot (out for season)
2013/12/16,Knicks,,Pablo Prigioni,fractured right toe (out indefinitely)
2013/12/18,Wizards,,Glen Rice Jr.,surgery on fractured right wrist
2013/12/19,Lakers,,Kobe Bryant,fractured left tibia (out for season)
2013/12/21,Nets,,Brook Lopez,fractured right foot (out for season)
2013/12/21,Rockets,,Patrick Beverley,fractured right hand (out indefinitely)
2013/12/27,Hawks,,Al Horford,torn right pectoral muscle (out for season)
2013/12/27,Thunder,,Russell Westbrook,arthroscopic surgery on right knee (out indefinitely)
2013/12/30,Lakers,,Xavier Henry,right knee injury (out indefinitely)
2013/12/31,Hawks,,Al Horford,surgery to repair torn pectoracl muscle (out for season)
2014/1/3,Clippers,,Chris Paul,separated right shoulder (out indefinitely)
2014/1/4,Nets,,Brook Lopez,surgery on right foot to repair fracture (out for season)
2014/1/10,Suns,,Eric Bledsoe,arthroscopic surgery on right knee to repair meniscus cartilage
2014/1/17,Mavericks,,Gal Mekel,arthroscopic surgery on right knee to repair torn lateral meniscus (out indefinitely)
2014/1/21,Nuggets,,Danilo Gallinari,surgery on left knee to reconstruct ACL (out for season)
2014/1/22,Celtics,,Avery Bradley,sprained right ankle (out indefinitely)
2014/1/22,Raptors,,Landry Fields,surgery on right wrist (out indefinitely)
2014/1/22,Spurs,,Kawhi Leonard,fractured right hand (out indefinitely)
2014/1/23,Hawks,,Pero Antic,stress fracture in right ankle (out indefinitely)
2014/1/23,Knicks,,Andrea Bargnani,torn ligament in left elbow (out for season)
2014/1/26,Bucks,,Carlos Delfino,surgery on right foot (out for season) (CBC)
2014/1/28,Timberwolves,,Nikola Pekovic,bursitis in right ankle (out indefinitely)
2014/1/31,Nuggets,,Nate Robinson,torn ACL in left knee (out indefinitely)
2014/1/31,Nuggets,,Nate Robinson,surgery on left knee to repair torn ACL (out indefinitely)
2014/2/3,Hawks,,John Jenkins,back injury (out for season)
2014/2/3,Hawks,,John Jenkins,surgery on lower back (out for season)
2014/2/6,Lakers,,Nick Young,fractured patella in left knee (out indefinitely)
2014/2/9,Nuggets,,Ty Lawson,fractured left rib (out indefinitely)
2014/2/15,Bucks,,Larry Sanders,surgery to repair fractured orbital bone (out indefinitely)
2014/2/19,Pistons,,Chauncey Billups,arthroscopic surgery on left knee (out for season)
2014/2/20,Nuggets,,JaVale McGee,surgery on left tibia to repair stress fracture (out for season)
2014/2/20,Timberwolves,,Ronny Turiaf,bruised right knee (out indefinitely)
2014/2/24,Wizards,,Nene / Nene Hilario / Maybyner Hilario,sprained MCL in right knee (P) / left knee injury (CBC) (out indefinitely)
2014/2/28,Cavaliers,,Anthony Bennett,sprained left ankle / right knee injury
2014/2/28,Celtics,,Gerald Wallace,torn meniscus in left knee (out indefinitely)
2014/2/28,Hawks,,Gustavo Ayon,surgery on right shoulder (out for season)
2014/2/28,Pelicans,,Jrue Holiday,surgery on right tibia to repair stress fracture (out for season)
2014/2/28,Rockets,,Greg Smith (a),surgery on right knee (out indefinitely)
2014/3/4,Celtics,,Gerald Wallace,"arthroscopic surgery on left knee to repair torn meniscus, and ankle (out indefinitely)"
2014/3/5,Suns,,Leandro Barbosa,fractured left hand (out for season)
2014/3/10,Cavaliers,,Anthony Bennett,strained left knee (out indefinitely)
2014/3/17,Cavaliers,,Kyrie Irving,strained left bicep (out indefinitely)
2014/3/20,Kings,,Carl Landry,arthroscopic surgery on right knee to repair torn medial menuscus (out for season)
2014/3/22,Bucks,,Nate Wolters,fractured left hand (out indefinitely)
2014/3/22,Lakers,,Xavier Henry,torn ligament in left wrist (out indefinitely)
2014/3/22,Nuggets,,J.J. Hickson,torn ACL in right knee (out indefinitely)
2014/3/25,Nuggets,,J.J. Hickson,surgery on right knee to repair torn ACL (out indefinitely)
2014/4/7,Lakers,,Kent Bazemore,right foot injury (out indefinitely)
2014/4/8,Pelicans,,Ryan Anderson,surgery on neck to repair herniated disc (out for season) (date approximate)
2014/4/11,Lakers,,Xavier Henry,surgery on left wrist and right knee (out indefinitely)
2014/4/15,Nuggets,,Danilo Gallinari,torn ACL in left knee (out for season)
2014/4/16,Lakers,,Kent Bazemore,surgery on right foot to repair torn tendon
2014/4/30,Bobcats,,Josh McRoberts,surgery on left big toe to remove bone spurs (out indefinitely)
2014/5/2,Bulls,,Joakim Noah,arthroscopic surgery on left knee (out indefinitely)
2014/5/6,76ers,,Michael Carter-Williams,surgery on right shoulder to repair torn labrum (out indefinitely)
2014/5/13,Cavaliers,,Anthony Bennett,surgery for removal of tonsils and adnoids (out indefinitely)
2014/5/15,Pelicans,,Tyreke Evans,arthroscopic surgery on right knee to remove scar tissue (out indefinitely)
2014/5/16,Thunder,,Serge Ibaka,left calf injury (out indefinitely)
2014/5/24,Bobcats,,Gerald Henderson (b),arthroscopic surgery on right wrist to remove scar tissue (out indefinitely)
2014/5/27,Nets,,Deron Williams,surgery on left ankle to remove bone spurs and right ankle to remove loose bone fragment (out indefinitely)
2014/6/28,Wizards,,Martell Webster,microdisectomy surgery on lower back to repair herniated disc (out indefinitely)
2014/7/1,Spurs,,Patrick Mills / Patty Mills,right shoulder injury (surgery) (out indefinitely)
2014/7/2,Spurs,,Emanuel Ginobili / Manu Ginobili,stress fracture in right leg (out indefinitely)
2014/7/5,76ers,,Pierre Jackson,right Achilles tendon injury (out indefinitely)
2014/7/14,Thunder,,Perry Jones III,arthroscopic surgery on right knee (out indefinitely)
2014/7/22,Blazers,,Thomas Robinson,surgery on right thumb to repair torn ligament (out indefinitely)
2014/8/1,Pacers,,Paul George,surgery on right leg to repair fractured tibia and fibula (out indefinitely)
2014/8/11,Nets,,Markel Brown,fractured right hand (out indefinitely)
2014/8/15,Suns,,Isaiah Thomas,arthroscopic surgery on left wrist (out indefinitely)
2014/8/15,Warriors,,Shaun Livingston,arthroscopic surgery on right big toe (out indefinitely)
2014/9/2,Hornets,,Noah Vonleh,surgery to repair sports hernia (out indefinitely)
2014/9/26,Celtics,,Rajon Rondo,surgery on fractured left finger (out indefinitely)
2014/9/27,Pelicans,,Tyreke Evans,strained right hamstring (out indefinitely)
2014/9/29,Heat,,Justin Hamilton (b),surgery to repair atrial flutter (out indefinitely)
2014/10/6,Lakers,,Nick Young,surgery on right thumb to repair torn ligament (out indefinitely)
2014/10/7,Suns,,Alex Len,fractured right pinky finger (out indefinitely)
2014/10/9,Thunder,,Mitch McGary,fractured left foot (out indefinitely)
2014/10/11,Wizards,,Bradley Beal,surgery on left wrist to repair fracture (out indefinitely) (date approximate)
2014/10/13,Bucks,,Johnny O'Bryant III,sprained MCL in right knee (out indefinitely)
2014/10/13,Thunder,,Kevin Durant,fractured right toe (out indefinitely)
2014/10/14,Pistons,,Jodie Meeks,stress fracture in lower back (out indefinitely)
2014/10/16,Thunder,,Kevin Durant,surgery on right toe to repair fracture (out indefinitely)
2014/10/23,Lakers,,Steve Nash,back injury (out for season)
2014/10/23,Suns,,T.J. Warren,fractured left thumb (out indefinitely)
2014/10/25,Magic,,Victor Oladipo,surgery to repair facial fracture (out indefinitely)
2014/10/28,Lakers,,Julius Randle,fractured tibia in right leg (out for season)
2014/10/29,Lakers,,Julius Randle,surgery on right leg to repair fractured tibia (out for season)
2014/11/1,Thunder,,Russell Westbrook,surgery on right hand to repair fracture (out indefinitely)
2014/11/8,Celtics,,Rajon Rondo,surgery on left hand to remove screw
2014/11/17,Lakers,,Ryan Kelly,torn right hamstring (out indefinitely)
2014/11/18,Knicks,,Cleanthony Early,right knee injury (out indefinitely)
2014/11/19,Timberwolves,,Ronny Turiaf,hip injury (out for season)
2014/11/25,Timberwolves,,Kevin Martin,surgery on right wrist to repair fracture (out indefinitely)
2014/11/29,Raptors,,DeMar DeRozan,torn tendon in left groin (out indefinitely)
2014/12/7,Pacers,,Ian Mahinmi,torn plantar fascia in left foot (out indefinitely)
2014/12/10,Heat,,Josh McRoberts,torn meniscus in right knee (out for season)
2014/12/13,Bulls,,Doug McDermott,arthroscopic surgery on right knee to repair torn meniscus (out indefinitely)
2014/12/13,Bucks,,Damien Inglis,right ankle injury (out for season)
2014/12/14,Heat,,Chris Bosh,strained left calf (out indefinitely)
2014/12/16,Bucks,,Jabari Parker,torn ACL in left knee (out for season)
2014/12/16,Timberwolves,,Ronny Turiaf,arthroscopic surgery on right hip (out for season)
2014/12/21,Nuggets,,Danilo Gallinari,torn meniscus in right knee (out indefinitely)
2014/12/22,Nuggets,,Danilo Gallinari,surgery on right knee to repair torn meniscus (out indefinitely)
2014/12/23,Heat,,Josh McRoberts,surgery on right knee to repair torn meniscus (out for season)
2014/12/26,Cavaliers,,Anderson Varejao,surgery to repair torn left Achilles tendon (out for season)
2014/12/29,Kings,,Eric Moreland,left shoulder injury (out for season)
2014/12/31,Hornets,,Al Jefferson,strained adductor muscle in left groin (out indefinitely)
2014/12/31,Jazz,,Alec Burks,surgery on left shoulder (out for season)
2015/1/2,Jazz,,Rodney Hood,left heel injury (out indefinitely)
2015/1/3,Jazz,,Enes Kanter,sprained right ankle (out indefinitely)
2015/1/5,Bucks,,Jabari Parker,surgery on left knee to repair torn ACL (out for season)
2015/1/6,Lakers,,Julius Randle,surgery on right foot/leg to replace screw (out for season)
2015/1/8,Nets,,Deron Williams,fractured rib (out indefinitely)
2015/1/17,Bucks,,Kendall Marshall,torn ACL in right knee (out for season)
2015/1/17,Bucks,,Kendall Marshall,surgery on right knee to repair torn ACL (out for season)
2015/1/22,Lakers,,Kobe Bryant,torn rotator cuff in right shoulder (out for season)
2015/1/23,Nets,,Mirza Teletovic,blood clots in lungs (out indefinitely)
2015/1/24,Pistons,,Brandon Jennings,torn left Achilles (out for season)
2015/1/25,Timberwolves,,Robbie Hummel,fractured right hand (out indefinitely)
2015/1/28,Hornets,,Kemba Walker,surgery on left knee to repair torn lateral meniscus (out for season)
2015/1/28,Lakers,,Kobe Bryant,surgery on right shoulder to repair torn rotator cuff (out for season)
2015/2/6,Suns,,Alex Len,sprained right ankle (out indefinitely)
2015/2/8,Clippers,,Blake Griffin,right elbow injury (out indefinitely)
2015/2/9,Clippers,,Blake Griffin,surgery on right elbow to remove staph infection
2015/2/9,Thunder,,Steven Adams,surgery on right finger to repair fracture (out indefinitely)
2015/2/19,Knicks,,Carmelo Anthony,surgery on left knee to repair patellar tendon (out for season)
2015/2/21,Timberwolves,,Shabazz Muhammad,ruptured ligament in left middle finger (out for season)
2015/2/22,Thunder,,Kevin Durant,surgery on right foot (out for season)
2015/2/23,Timberwolves,,Shabazz Muhammad,surgery on left middle finger to repair ruptured ligament (out for season)
2015/2/24,Bulls,,Derrick Rose,torn medial meniscus in right knee (out indefinitely)
2015/2/24,Thunder,,Steve Novak,appendectomy (out indefinitely)
2015/2/25,Lakers,,Nick Young,fractured left kneecap (out for season)
2015/2/25,Lakers,,Ronnie Price,surgery on right elbow to remove bone spurs and chips (out for season)
2015/2/27,Knicks,,Jose Calderon,sore/strained left Achilles (out for season)
2015/2/27,Bulls,,Derrick Rose,surgery on right knee to repair torn medial meniscus (out indefinitely)
2015/3/3,Kings,,Darren Collison,surgery on right hip to repair strained flexor (out for season)
2015/3/6,Blazers,,Wesley Matthews / Wes Matthews Jr.,torn left Achilles tendon (out for season)
2015/3/12,Nets,,Sergey Karasev,"surgery on right knee to repair torn MCL, dislocated patella (out for season) (date approximate)"
2015/3/13,Timberwolves,,Kevin Garnett,sore left knee (out for season)
2015/3/13,Timberwolves,,Nikola Pekovic,sprained right ankle (out for season)
2015/3/17,Thunder,,Serge Ibaka,arthroscopic surgery on right knee (out indefinitely)
2015/3/23,Knicks,,Alexey Shved,fractured rib (out for season)
2015/3/23,Knicks,,Travis Wear,sore lower back (out for season)
2015/3/23,Timberwolves,,Gary Neal,sprained left ankle (out for season)
2015/3/25,Nuggets,,Darrell Arthur,calf injury (out for season)
2015/3/27,Rockets,,Donatas Motiejunas,sore lower back (out for season)
2015/3/29,Heat,,Shabazz Napier,hip injury / sports hernia (out for season)
2015/3/30,Timberwolves,,Gorgui Dieng,concussion (out for season)
2015/3/31,Rockets,,Patrick Beverley,surgery on left wrist to repair torn ligaments (out for season)
2015/3/31,Thunder,,Kevin Durant,surgery on right foot to install bone graft (out for season)
2015/4/1,Heat,,Shabazz Napier,surgery to repair sports hernia (out for season)
2015/4/1,Pistons,,Spencer Dinwiddie,sprained left ankle (out for season)
2015/4/2,Blazers,,Dorell Wright,fractured left hand (out for season)
2015/4/2,Suns,,Alex Len,fractured nose (out for season)
2015/4/3,76ers,,Isaiah Canaan,sprained right foot (out for season)
2015/4/4,Hornets,,Al Jefferson,sore right knee (out for season)
2015/4/7,Suns,,Alex Len,fractured nose (out for season)
2015/4/8,Hawks,,Thabo Sefolosha,"fractured fibula, ligament damage in leg (out for season)"
2015/4/8,Hornets,,Lance Stephenson,sprained right toe (out for season)
2015/4/8,Kings,,Rudy Gay,concussion (out for season)
2015/4/8,Lakers,,Jeremy Lin,sore left knee (out for season)
2015/4/8,Timberwolves,,Nikola Pekovic,surgery on right Achilles (out for season)
2015/4/8,Nuggets,,Darrell Arthur,strained right calf (out for season)
2015/4/9,Rockets,,Donatas Motiejunas,surgery on back (out for season)
2015/4/10,76ers,,Luc Richard Mbah a Moute / Luc Mbah a Moute,sore/strained left shoulder (out for season)
2015/4/10,76ers,,Nerlens Noel,sprained right ankle (out for season)
2015/4/10,Blazers,,Arron Afflalo,strained right shoulder (out for season)
2015/4/12,Suns,,Brandan Wright,foot injury / sore left ankle (out for season)
2015/4/12,Suns,,Reggie Bullock,concussion (out for season)
2015/4/12,Thunder,,Perry Jones III,sprained left ankle (out for season)
2015/4/13,76ers,,Jason Richardson,sore left knee (out for season)
2015/4/13,Hornets,,P.J. Hairston,sprained right knee (out for season)
2015/4/13,Jazz,,Gordon Hayward,Achilles injury (out for season)
2015/4/13,Kings,,Reggie Evans,sprained right thumb (out for season)
2015/4/13,Lakers,,Wesley Johnson / Wes Johnson,sprained left ankle (out for season)
2015/4/13,Magic,,Evan Fournier,right hip injury (out for season)
2015/4/13,Timberwolves,,Ricky Rubio,exploratory surgery on left ankle (out for season)
2015/4/15,76ers,,Furkan Aldemir,plantar fasciitis in right foot (out for season)
2015/4/17,Hawks,,Thabo Sefolosha,surgery on right leg to repair fractured fibula and ligament damage (out for season)
2015/4/18,Rockets,,K.J. McDaniels,fractured right elbow (out for season)
2015/4/18,Suns,,Brandon Knight,arthroscopic surgery on left ankle (out indefinitely)
2015/4/22,Hornets,,Cody Zeller,surgery on right shoulder to repair torn tendon (out indefinitely)
2015/4/22,Mavericks,,Rajon Rondo,back injury (out for season)
2015/4/27,Blazers,,Chris Kaman,sprained left ankle (out for season)
2015/4/27,Cavaliers,,Kevin Love,separated left shoulder (out for season)
2015/4/28,Mavericks,,Richard Jefferson,back injury (out for season)
2015/4/29,Cavaliers,,Kevin Love,surgery on left shoulder to repair separation (out for season)
2015/5/1,Mavericks,,Chandler Parsons,arthroscopic surgery on right knee to repair cartilage damage (out for season)
2015/5/3,Warriors,,Ognjen Kuzmic / Ognen Kuzmic,ankle injury (out for season)
2015/5/6,Pelicans,,Quincy Pondexter,arthroscopic surgery on left knee (out indefinitely)
2015/5/8,Bulls,,Joakim Noah,fined $25K by NBA for pushing fan while walking to locker room
2015/5/18,Blazers,,LaMarcus Aldridge,surgery on left thumb to repair torn ligament (out indefinitely)
2015/5/23,Hawks,,Kyle Korver,sprained right ankle (out for season)
2015/5/23,Raptors,,Terrence Ross,surgery on left ankle to remove bone spurs (out indefinitely)
2015/5/27,Hawks,,Kyle Korver,surgery on right ankle to repair ligament damage (out indefinitely)
2015/5/28,Hawks,,Shelvin Mack,separated right shoulder (out for season)
2015/6/2,Kings,,Carl Landry,surgery on right wrist to repair torn ligament
2015/6/4,Hawks,,Shelvin Mack,surgery to repair separated right shoulder (out for season)
2015/6/5,Cavaliers,,Kyrie Irving,fractured left kneecap (out for season)
2015/6/6,Cavaliers,,Kyrie Irving,surgery on left knee to repair fractured kneecap (out indefinitely)
2015/6/16,Bulls,,Taj Gibson,surgery on left ankle (out for season)
2015/6/30,Hawks,,Kyle Korver,surgery on right elbow to remove loose bodies (out indefinitely)
2015/7/2,Cavaliers,,Timofey Mozgov,arthroscopic surgery on right knee (out indefinitely)
2015/7/9,Heat,,Tyler Johnson,fractured jaw (out indefinitely)
2015/7/11,76ers,,Joel Embiid,surgery on right foot to undergo bone graft (out for season) (date approximate)
2015/7/15,Nets,,Thomas Robinson,arthroscopic surgery on right knee to remove torn cartilage (out indefinitely)
2015/7/21,Wizards,,Jared Dudley,surgery on lower back (out indefinitely)
2015/8/6,Jazz,,Dante Exum,torn ACL in left knee (out indefinitely)
2015/8/19,76ers,,Joel Embiid,surgery on right foot to have 2 screws replaced and a bone graft (out for season) (P)
2015/8/20,Warriors,,Kevon Looney,surgery on right hip to repair torn labrum (out indefinitely)
2015/9/2,,,Glen Davis,surgery on left ankle to repair torn ligaments (out indefinitely)
2015/9/2,Grizzlies,,Jarell Martin,fractured left foot (surgery) (out indefinitely)
2015/9/3,,,Landry Fields,surgery on hip to repair torn labrum (out indefinitely)
2015/9/3,Jazz,,Dante Exum,surgery on left knee to repair torn ACL (out indefinitely)
2015/9/22,Pistons,,Darrun Hilliard,surgery to repair fractured nose (out indefinitely)
2015/9/25,Bulls,,Mike Dunleavy Jr.,surgery on back (out indefinitely)
2015/9/29,Cavaliers,,Iman Shumpert,right wrist injury (surgery) (out indefinitely)
2015/9/30,Bulls,,Derrick Rose,surgery to repair fractured left orbital bone (out indefinitely)
2015/10/1,Warriors,,Steve Kerr,took leave of absence as head coach recovering from surgery on back (out indefinitely)
2015/10/6,Hornets,,Michael Kidd-Gilchrist,surgery on right shoulder to repair torn labrum (out indefinitely)
2015/10/6,Pelicans,,Alexis Ajinca / Alex Ajinca,strained right hamstring (out indefinitely)
2015/10/8,Pelicans,,Omer Asik,strained right calf (out indefinitely)
2015/10/15,Nets,,Willie Reed,torn ligament in right thumb (surgery) (out indefinitely)
2015/10/20,Pelicans,,Tyreke Evans,arthroscopic surgery on right knee (out indefinitely)
2015/10/26,Wizards,,Martell Webster,hip injury (out for season)
2015/10/28,76ers,,Kendall Marshall,right knee injury (out indefinitely)
2015/10/29,Pistons,,Jodie Meeks,fractured right foot (out indefinitely)
2015/10/30,Pistons,,Jodie Meeks,surgery on right foot to repair fracture (date approximate)
2015/11/1,Rockets,,Terrence Jones,placed on IL with facial (eyelid) injury
2015/11/11,Blazers,,Meyers Leonard,dislocated left shoulder (out indefinitely)
2015/11/12,Pacers,,Myles Turner,chip fracture in left thumb (out indefinitely)
2015/11/16,Pacers,,Myles Turner,surgery on left thumb to repair chip fracture and torn ligament (out indefinitely)
2015/11/17,Nuggets,,Wilson Chandler,surgery on right hip to repair torn labrum (out for season)
2015/11/20,Wizards,,Martell Webster,surgery on right hip (out for season)
2015/11/21,Raptors,,Jonas Valanciunas,fractured left hand (out indefinitely)
2015/11/27,Pacers,,Myles Turner,recovering from surgery on left thumb to repair chip fracture and torn ligament (out indefinitely)
2015/11/30,Hornets,,Al Jefferson,strained left calf (out indefinitely)
2015/11/30,Nets,,Andrea Bargnani,sore hamstring
2015/12/2,Jazz,,Rudy Gobert,sprained MCL in left knee (out indefinitely)
2015/12/3,Kings,,Willie Cauley-Stein,dislocated right index finger (out indefinitely)
2015/12/3,Pistons,,Aron Baynes,surgery to repair fractured nose (did not miss any games)
2015/12/9,Nets,,Rondae Hollis-Jefferson,surgery on right ankle to repair fractured bone (out indefinitely)
2015/12/15,Bucks,,Greivis Vasquez,surgery on right ankle to remove bone spur and loose bodies (out indefinitely)
2015/12/16,Grizzlies,,Brandan Wright,surgery on right knee (date approximate)
2015/12/16,Kings,,Eric Moreland,fractured left foot (surgery) (out indefinitely)
2015/12/20,Bucks,,Jason Kidd,surgery on hip (out indefinitely)
2015/12/26,Suns,,Eric Bledsoe,sprained left knee (out for season)
2015/12/26,Grizzlies,,Jordan Adams,sore right knee (out for season)
2015/12/27,Jazz,,Alec Burks,fractured fibula in left leg (out indefinitely)
2015/12/29,Jazz,,Alec Burks,surgery on left leg to repair fractured fibula (date approximate)
2015/12/29,Suns,,Eric Bledsoe,surgery on left knee to repair torn meniscus (out for season)
2015/12/30,Hornets,,Al Jefferson,torn lateral meniscus in right knee (out indefinitely)
2015/12/31,Hornets,,Al Jefferson,surgery on right knee to repair torn lateral meniscus (out indefinitely)
2016/1/3,Nets,,Jarrett Jack,torn ACL in right knee (out for season)
2016/1/6,Raptors,,DeMarre Carroll,arthroscopic surgery on right knee (out indefinitely)
2016/1/11,Pelicans,,Quincy Pondexter,surgery on left knee to repair cartilage damage (out for season)
2016/1/12,Magic,,Joe Harris,surgery on right foot (out indefinitely) (P- error?)
2016/1/13,Nets,,Jarrett Jack,surgery on right knee to repair torn ligament (out for season)
2016/1/15,Bulls,,Joakim Noah,separated left shoulder (out for season)
2016/1/15,Suns,,Ronnie Price,surgery on right big toe to remove loose bodies (out indefinitely)
2016/1/19,Bulls,,Joakim Noah,surgery on left shoulder to repair separation (out for season)
2016/1/20,Pelicans,,Eric Gordon,surgery to repair fractured right ring finger (out indefinitely)
2016/1/21,Suns,,P.J. Tucker,bruised chest (left game)
2016/1/22,Celtics,,Jordan Mickey,ankle injury (already on IL)
2016/1/22,Warriors,Steve Kerr,,returned as head coach
2016/1/25,Bucks,Jason Kidd,,returned as head coach
2016/1/26,Clippers,,Blake Griffin,fractured right hand (off court injury) (out indefinitely)
2016/1/27,Bulls,,Nikola Mirotic,surgery to remove appendix (out indefinitely)
2016/1/28,Pelicans,,Tyreke Evans,right knee injury (out for season)
2016/1/31,Suns,,T.J. Warren,fractured right foot (out for season)
2016/2/3,Heat,,Tyler Johnson,surgery on left shoulder (out indefinitely)
2016/2/4,Spurs,,Emanuel Ginobili / Manu Ginobili,surgery to repair testicle injury (out indefinitely)
2016/2/8,Grizzlies,,Marc Gasol,fractured right foot (out for season)
2016/2/8,Warriors,,Festus Ezeli,surgery on left knee to remove loose bodies (out indefinitely)
2016/2/11,Hornets,,Michael Kidd-Gilchrist,torn labrum in right shoulder (out for season)
2016/2/11,Pelicans,,Tyreke Evans,surgery on right knee (out for season)
2016/2/16,Hawks,,Tiago Splitter,surgery on right hip (out for season) (date approximate)
2016/2/23,Grizzlies,,Marc Gasol,surgery on right foot to repair fracture (out for season)
2016/2/24,Heat,,Beno Udrih,surgery on right foot to repair torn plantar plate (out for season) (date approximate)
2016/2/25,Pelicans,,Bryce Dejean-Jones,fractured right wrist (surgery) (out for season)
2016/2/28,Bucks,,Steve Novak,sprained MCL in left knee (out for season)
2016/3/5,Lakers,,Anthony Brown,stress reaction in right foot (out for season)
2016/3/7,Bucks,,Michael Carter-Williams,torn labrum in left hip (out for season)
2016/3/7,Grizzlies,,Mike Conley Jr.,left Achilles tendinitis (out for season)
2016/3/7,Pelicans,,Eric Gordon,fractured right ring finger (out for season)
2016/3/8,Knicks,,Lance Thomas,sprained MCL in left knee (out for season)
2016/3/8,Pelicans,,Eric Gordon,surgery to repair fractured right ring finger (out for season)
2016/3/9,Bucks,,Michael Carter-Williams,recovering from surgery on left hip to repair torn labrum (out for season)
2016/3/9,Grizzlies,,Mario Chalmers,ruptured right Achilles tendon (out for season)
2016/3/9,Pelicans,,Norris Cole (a),lower back injury (out for season)
2016/3/10,Bucks,,Michael Carter-Williams,surgery on left hip to repair torn labrum (out for season)
2016/3/10,Bucks,,O.J. Mayo,fractured right ankle (out for season)
2016/3/12,Rockets,,Sam Dekker,sore back (out for season)
2016/3/16,Blazers,,Meyers Leonard,dislocated left shoulder (out for season)
2016/3/17,Knicks,,Tony Wroten Jr.,knee injury (out for season)
2016/3/17,Mavericks,,Jeremy Evans,arthroscopic surgery on right shoulder to repair torn labrum (out for season)
2016/3/18,Mavericks,,Chandler Parsons,sore right knee (out for season)
2016/3/19,Pelicans,,Anthony Davis,left knee injury and torn labrum in left shoulder (out for season)
2016/3/20,Pelicans,,Ryan Anderson,left groin injury / sports hernia (out for season)
2016/3/22,76ers,,Jahlil Okafor,arthroscopic surgery on right knee to repair torn meniscus (out for season)
2016/3/23,Bucks,,Steve Novak,sprained MCL in left knee (out for season) (P)
2016/3/24,Pelicans,,Anthony Davis,surgery on left knee (out for season)
2016/3/25,Mavericks,,Chandler Parsons,surgery on right knee to repair medial meniscus (out for season)
2016/3/25,Warriors,,Kevon Looney,right hip injury (out for season)
2016/3/27,76ers,,Richaun Holmes,strained right Achilles tendon (out for season)
2016/3/27,Kings,,Marco Belinelli,sore right foot (out for season)
2016/3/29,Pelicans,,Alonzo Gee,torn right quadricep (out for season)
2016/3/29,Pelicans,,Jrue Holiday,fractured right interior orbital wall (out for season)
2016/3/30,Knicks,,Jose Calderon,bruised right quadriceps (out for season)
2016/3/30,Knicks,,Kristaps Porzingis,strained/sore right shoulder (out for season)
2016/3/31,Bulls,,Taj Gibson,bruised (P Y) / fractured (CBC) ribs (out for season)
2016/4/1,Bucks,,Jerryd Bayless,hyperextended right knee (out for season)
2016/4/1,Suns,,Brandon Knight,sports hernia (out for season)
2016/4/2,Nuggets,,Darrell Arthur,sore knee (out for season)
2016/4/8,76ers,,Carl Landry,sore/strained lower back (out for season)
2016/4/8,76ers,,Isaiah Canaan,torn labrum in left shoulder (out for season)
2016/4/8,Grizzlies,,Jordan Adams,surgery on right knee (out indefinitely)
2016/4/8,Suns,,Brandon Knight,surgery to repair sports hernia (out for season)
2016/4/9,Blazers,,Meyers Leonard,surgery on left shoulder (out for season)
2016/4/9,Suns,,Brandon Knight,recovering from surgery to repair sports hernia (out for season)
2016/4/11,Bulls,,E'Twaun Moore,left hamstring injury (out for season)
2016/4/11,Nets,,Thomas Robinson,sore right knee (out for season)
2016/4/11,Pelicans,,Alexis Ajinca / Alex Ajinca,right shoulder injury (out for season)
2016/4/11,Pelicans,,Jrue Holiday,surgery to repair fractured right interior orbital wall (out indefinitely)
2016/4/11,Pelicans,,Jrue Holiday,recovering from surgery to repair fractured right interior orbital wall (out for season)
2016/4/11,Suns,,Tyson Chandler,concussion (out for season)
2016/4/13,76ers,,Nik Stauskas,knee injury (out for season)
2016/4/13,Jazz,,Alec Burks,sore right knee (out for season)
2016/4/13,Jazz,,Derrick Favors,sore right knee (out for season)
2016/4/13,Mavericks,,Devin Harris,sprained left thumb (out for season)
2016/4/13,Nuggets,,Joffrey Lauvergne,back injury (out for season)
2016/4/22,Grizzlies,,Jarell Martin,sore left foot (out for season)
2016/4/24,Mavericks,,Deron Williams,sports hernia (out for season)
2016/4/25,Clippers,,Chris Paul,fractured right hand (out for season)
2016/4/25,Mavericks,,David Lee,plantar fasciitis in right foot/heel (out for season)
2016/4/25,Mavericks,,Salah Mejri,strained right hip (out for season)
2016/4/26,Clippers,,Blake Griffin,left quadriceps injury (out for season)
2016/4/26,Clippers,,Chris Paul,surgery on right hand to repair fracture (out for season)
2016/4/28,Hornets,,Spencer Hawes,sprained MCL in right knee (out for season)
2016/5/1,Hornets,,Tyler Hansbrough,back spasms (out for season)
2016/5/5,Wizards,,John Wall (a),surgery on left knee to remove calcium deposits (out indefinitely)
2016/5/7,Heat,,Hassan Whiteside,sprained MCL in right knee (out for season)
2016/5/9,Hornets,,Kemba Walker,surgery on left knee to repair torn meniscus (out for season)
2016/5/10,Mavericks,,Devin Harris,surgery on left big toe and left thumb (out for season)
2016/5/17,Celtics,,Kelly Olynyk,surgery on right shoulder (out indefinitely)
2016/6/8,Jazz,,Alec Burks,arthroscopic surgery on left knee and ankle to remove loose bodies (out indefinitely)
2016/6/15,Warriors,,Andrew Bogut,left knee injury (out for season)
2016/6/29,Hornets,,Frank Kaminsky,surgery to repair air pocket in lung (out indefinitely)
2016/6/30,Mavericks,,Salah Mejri,arthroscopic surgery on knee to remove debris (out indefinitely)
2016/7/6,Magic,,C.J. Watson,fractured right hand (out indefinitely)
2016/7/8,Magic,,C.J. Watson,surgery on right hand to repair fracture (out indefinitely)
2016/7/19,Magic,,Jodie Meeks,surgery on right foot (out indefinitely)
2016/7/25,Thunder,,Cameron Payne,surgery on right foot to repair fracture (out indefinitely)
2016/8/2,Raptors,,Delon Wright,arthroscopic surgery on right shoulder to repair torn labrum (out indefinitely)
2016/8/31,Blazers,,Noah Vonleh,surgery on right thigh to remove bone fragment (out indefinitely)
2016/9/8,Heat,,Josh Richardson,partially torn MCL in right knee (out indefinitely)
2016/9/15,Suns,,P.J. Tucker,surgery on lower back (out indefinitely)
2016/9/21,Bucks,,Khris Middleton,torn left hamstring (out indefinitely)
2016/9/22,Hawks,,Paul Millsap,procedure on right knee to reduce swelling (out indefinitely)
2016/9/26,Timberwolves,,Nikola Pekovic,sore right ankle (out for season)
2016/9/29,Bucks,,Khris Middleton,surgery to repair torn left hamstring (out indefinitely)
2016/10/1,76ers,,Ben Simmons,fractured right foot (out for season)
2016/10/4,76ers,,Ben Simmons,surgery on right foot to repair fracture (out for season)
2016/10/4,Timberwolves,,Nikola Pekovic,sore right foot (out for season)
2016/10/5,Nuggets,,Gary Harris,partially torn right groin muscle (out indefinitely)
2016/10/5,Pistons,,Reggie Jackson (b),left knee tendinitis (out indefinitely)
2016/10/6,Hornets,,Cody Zeller,bone bruise in right knee (out indefinitely)
2016/10/7,Jazz,,Gordon Hayward,fractured left ring finger (out indefinitely)
2016/10/8,Clippers,,Brice Johnson,herniated disc in lower back (out indefinitely)
2016/10/10,Pistons,,Reggie Jackson (b),sprained right thumb (out indefinitely)
2016/10/11,Hawks,,Tiago Splitter,strained right hamstring (out indefinitely)
2016/10/15,Knicks,,Chasson Randle,fractured left orbital bone (out indefinitely)
2016/10/15,Wizards,,Ian Mahinmi,surgery on left knee to repair torn medial meniscus (out indefinitely)
2016/10/21,76ers,,Nerlens Noel,surgery on left knee (out indefinitely) (date approximate)
2016/10/21,Spurs,,Danny Green,strained left quadricep (out indefinitely)
2016/10/22,Rockets,,Patrick Beverley,left knee injury (out indefinitely)
2016/10/23,Raptors,,Jared Sullinger,surgery on left foot to insert screw to repair stress fracture (out indefinitely)
2016/10/23,Rockets,,Patrick Beverley,surgery on left knee (out indefinitely)
2016/10/24,76ers,,Jerryd Bayless,sore left wrist (out indefinitely)
2016/10/24,Blazers,,Festus Ezeli,sore left knee (out for season)
2016/10/24,Pelicans,,Quincy Pondexter,recovering from surgery on left knee (out for season)
2016/10/24,Pelicans,,Tyreke Evans,recovering from surgery on right knee (out indefinitely)
2016/11/1,Bulls,,Michael Carter-Williams,bone bruise in left knee (out indefinitely)
2016/11/1,Jazz,,Alec Burks,arthrosopic surgery on left ankle (out indefinitely)
2016/11/5,Pelicans,,Lance Stephenson,torn groin muscle (surgery) (out indefinitely)
2016/11/16,Grizzlies,,Brandan Wright,arthroscopic surgery on left ankle (out indefinitely)
2016/11/17,Mavericks,,Jose Juan Barea / Jose Barea / J.J. Barea,torn calf muscle in left leg / strained left calf (out indefinitely)
2016/11/24,Pelicans,,Dante Cunningham,fractured fibula in right leg (out indefinitely)
2016/11/25,Wizards,,Danuel House,fractured right wrist (out indefinitely)
2016/11/27,76ers,,Jerryd Bayless,sore left wrist (out for season)
2016/12/15,76ers,,Jerryd Bayless,surgery on left wrist to repair torn ligament (out for season)
2016/12/16,Cavaliers,,Chris Andersen,torn ACL in right knee (out for season)
2016/12/19,Clippers,,Blake Griffin,arthroscopic surgery on right knee (out indefinitely) (date approximate)
2016/12/19,Rockets,,Clint Capela,fractured fibula in left leg (out indefinitely)
2016/12/21,Cavaliers,,J.R. Smith,fractured right thumb (out indefinitely)
2016/12/23,Cavaliers,,J.R. Smith,surgery on right thumb to repair fracture (out indefinitely)
2016/12/23,Cavaliers,,J.R. Smith,recovering from surgery on right thumb to repair fracture (out indefinitely)
2017/1/1,Heat,,Justise Winslow,torn labrum in right shoulder (out for season)
2017/1/3,Pelicans,,Quincy Pondexter,arthroscopic surgery on left knee (out for season)
2017/1/5,Heat,,Justise Winslow,surgery on right shoulder to repair torn labrum (out for season)
2017/1/16,Knicks,,Lance Thomas,fractured orbital bone (out indefinitely)
2017/1/17,Clippers,,Chris Paul,surgery on left thumb to repair torn ligament (out indefinitely)
2017/1/18,Kings,,Rudy Gay,torn left Achilles tendon (out for season)
2017/1/19,Kings,,Rudy Gay,surgery to repair torn left Achilles tendon (out for season)
2017/1/20,Spurs,,Pau Gasol,surgery on left ring finger to repair fracture (out indefinitely)
2017/1/24,Magic,,Jodie Meeks,surgery on dislocated right thumb (out indefinitely)
2017/1/26,Thunder,,Enes Kanter,fractured right arm / hand (out indefinitely)
2017/1/27,Thunder,,Enes Kanter,surgery on right arm / hand to repair fracture (out indefinitely)
2017/1/29,Blazers,,Ed Davis (a),left wrist injury
2017/1/30,76ers,,Joel Embiid,bruised left knee (out for season)
2017/2/3,Hornets,,Ramon Sessions,torn lateral meniscus in left knee (out indefinitely)
2017/2/3,Timberwolves,,Zach LaVine,torn ACL in left knee (out for season)
2017/2/4,76ers,,Joel Embiid,sore left knee (out for seaon)
2017/2/6,76ers,,Joel Embiid,bruised left knee (out for season)
2017/2/7,Blazers,,Evan Turner,fractured right hand (out indefinitely)
2017/2/8,,,Dragan Bender,surgery on right ankle to remove bone spur (out indefinitely)
2017/2/8,Blazers,,Evan Turner,surgery on right hand to repair fracture (out indefinitely)
2017/2/8,Bucks,,Jabari Parker,torn ACL in left knee (out for season)
2017/2/8,Hornets,,Ramon Sessions,surgery on left knee to repair torn lateral meniscus (out for season)
2017/2/9,Blazers,,Evan Turner,recovering from surgery on right hand to repair fracture (out indefinitely)
2017/2/11,76ers,,Joel Embiid,bruised left knee (out for season)
2017/2/15,Bucks,,Jabari Parker,surgery on left knee to repair torn ACL (out for season)
2017/2/23,Pelicans,,Omri Casspi,fractured right thumb (out indefinitely)
2017/2/27,Knicks,,Joakim Noah,arthrosopic surgery on left knee to remove loose body (out for season)
2017/2/27,Raptors,,Kyle Lowry,surgery on right wrist to remove loose bodies (out indefinitely) (date approximate)
2017/3/1,Blazers,,Ed Davis (a),arthroscopic surgery on left shoulder to repair injured labrum (out for season)
2017/3/1,Knicks,,Maurice Ndour / Maurice N'dour,sprained right ankle (out indefinitely)
2017/3/1,Warriors,,Kevin Durant,sprained MCL in left knee (out indefinitely)
2017/3/2,Blazers,,Ed Davis (a),recovering from arthroscopic surgery on left shoulder to repair injured labrum (out for season)
2017/3/4,Blazers,,Festus Ezeli,surgery on left knee (out for season)
2017/3/8,Cavaliers,,Andrew Bogut,fractured tibia in left / right leg (out for season)
2017/3/9,Hornets,,Johnny O'Bryant III,sprained right ankle (out for season)
2017/3/13,Grizzlies,,Chandler Parsons,torn meniscus in left knee (out for season)
2017/3/15,Bulls,,Dwyane Wade,fractured right elbow (out indefinitely)
2017/3/15,Suns,,Eric Bledsoe,left knee injury (out for season)
2017/3/15,Timberwolves,,Nemanja Bjelica,left ankle / foot injury (out for season)
2017/3/17,Nets,,Joe Harris,sprained left shoulder (out for season)
2017/3/18,Heat,,Dion Waiters,sprained left ankle (out for season)
2017/3/21,Timberwolves,,Nemanja Bjelica,recovering from surgery on left foot (out for season)
2017/3/23,Knicks,,Lance Thomas,sore right hip (out for season)
2017/3/23,Pacers,,Glenn Robinson III,strained left calf (out for season)
2017/3/24,76ers,,Jahlil Okafor,sore right knee (out for season)
2017/3/24,76ers,,Joel Embiid,surgery on left knee to repair torn meniscus (out for season)
2017/3/26,Suns,,Leandro Barbosa,sore right hamstring (out for season)
2017/3/28,76ers,,Sergio Rodriguez,strained / tightness in left hamstring (out for season)
2017/3/29,76ers,,Robert Covington,swelling in right knee (out for season)
2017/3/30,76ers,,Robert Covington,torn meniscus in right knee (out for season)
2017/3/31,Blazers,,Jusuf Nurkic,fractured fibula in right leg (out for season)
2017/3/31,Lakers,,Ivica Zubac,sprained right ankle (out for season)
2017/3/31,Mavericks,,Seth Curry,sore left shoulder (out for season)
2017/4/2,76ers,,Sergio Rodriguez,strained left knee (out for season)
2017/4/3,Rockets,,Sam Dekker,fractured left hand (out indefinitely)
2017/4/4,76ers,,Sergio Rodriguez,strained left hamstring (out for season)
2017/4/5,Heat,,Luke Babbitt,strained right hip flexor (out for season)
2017/4/5,Knicks,,Derrick Rose,surgery on left knee to repair torn meniscus (out for season)
2017/4/6,Nuggets,,Jameer Nelson,strained right calf (out for season)
2017/4/6,Pelicans,,DeMarcus Cousins,tendinitis in right Achilles (out for season)
2017/4/6,Knicks,,Kristaps Porzingis,sore lower back (out for season)
2017/4/8,Hornets,,Marco Belinelli,strained left index finger (out for season)
2017/4/8,Pacers,,Al Jefferson,sprained left ankle (out for season)
2017/4/8,Pelicans,,Anthony Davis,sore left knee (out for season)
2017/4/8,Pelicans,,E'Twaun Moore,sprained left ankle (out for season)
2017/4/9,Nets,,Quincy Acy,sore left ankle (out for season)
2017/4/10,Hornets,,Kemba Walker,sore left knee (out for season)
2017/4/10,Nuggets,,Emmanuel Mudiay,sore/sprained right ankle (out for season)
2017/4/10,Warriors,,Kevon Looney,strained left hip (out for season)
2017/4/10,Heat,,Josh McRoberts,stress fracture in left foot (out for season)
2017/4/11,Nuggets,,Kenneth Faried,lower back injury (out for season)
2017/4/12,76ers,,Dario Saric,sore left heel (out for season)
2017/4/12,Nuggets,,Gary Harris,sore right knee (out for season)
2017/4/12,Pistons,,Beno Udrih,knee injury (out for season)
2017/4/13,Grizzlies,,Tony Allen,strained right calf (out for season)
2017/4/22,Clippers,,Blake Griffin,right big toe injury (out for season)
2017/4/24,Blazers,,Jusuf Nurkic,fractured fibula in right leg (out for season)
2017/4/27,Knicks,,Joakim Noah,surgery on right shoulder to repair torn rotator cuff (out indefinitely)
2017/4/27,Nuggets,,Jamal Murray,surgery to repair core muscle related injuries (out indefinitely)
2017/5/1,Clippers,,Blake Griffin,surgery on right big toe (out for season)
2017/5/3,Lakers,,Luol Deng,surgery on right pectoral muscle (out indefinitely)
2017/5/4,Spurs,,(William) Tony Parker,ruptured quadriceps tendon in left leg (out for season)
2017/5/8,Rockets,,Nene / Nene Hilario / Maybyner Hilario,torn left adductor muscle (out for season)
2017/5/13,Cavaliers,,Walter Tavares / Edy Tavares,fractured right hand (out for season)
2017/5/17,Bulls,,Denzel Valentine,arthroscopic surgery on left ankle (out indefinitely)
2017/5/17,Hornets,,Kemba Walker,arthroscopic surgery on left knee (out indefinitely)
2017/5/17,Warriors,,Zaur Pachulia / Zaza Pachulia,bruised right heel
2017/5/20,Celtics,,Isaiah Thomas,hip injury (out for season)
2017/5/21,Spurs,,David Lee,torn patellar tendon in left knee (out for season)
2017/5/22,Spurs,,Kawhi Leonard,sprained left ankle (out for season)
2017/5/23,Celtics,,Amir Johnson,sprained right shoulder (out for season)
2017/6/28,Suns,,Jared Dudley,surgery to repair ligament and bone (out indefinitely)
2017/7/4,Timberwolves,,Justin Patton,surgery on left foot to repair fracture (out indefinitely)
2017/7/25,Suns,,Brandon Knight,torn ACL in left knee (out for season)
2017/7/30,Clippers,,Danilo Gallinari,fractured bone in right hand (out indefinitely)
2017/8/8,Grizzlies,,Ben McLemore,surgery on right foot to repair fracture (out indefinitely)
2017/8/10,Thunder,,Patrick Patterson,arthroscopic surgery on his left knee (out indefinitely)
2017/8/28,Pelicans,,Solomon Hill,surgery to repair torn left hamstring (out indefinitely)
2017/9/1,Pelicans,,Frank Jackson,fractured right foot (out for season)
2017/9/6,Bulls,,Cameron Payne,surgery to repair fractured right foot (out indefinitely)
2017/9/18,Raptors,,Ogugua Anunoby / O.G. Anunoby,torn ACL in knee (out indefinitely)
2017/9/22,Wizards,,Markieff Morris,surgery to repair sports hernia (out indefinitely)
2017/9/25,Suns,,Alan Williams,surgery on right knee to repair torn meniscus (out indefinitely)
2017/9/30,Spurs,,Kawhi Leonard,sore right quadriceps (out indefinitely)
2017/10/5,Hornets,,Nicolas Batum,torn ligament in left elbow (out indefinitely)
2017/10/6,Kings,,Harry Giles,recovering from surgery / rehab of knees
2017/10/7,Bulls,,Kris Dunn,dislocated left index finger (out indefinitely)
2017/10/7,Jazz,,Dante Exum,separated left shoulder (out indefinitely)
2017/10/7,Mavericks,,Seth Curry,stress reaction in tibia in left leg (out for season)
2017/10/8,76ers,,Richaun Holmes,fractured wrist (out indefinitely)
2017/10/9,Pelicans,,Rajon Rondo,surgery to repair sports hernia (out indefinitely)
2017/10/9,Wizards,,Sheldon McClellan / Sheldon Mac,torn Achilles tendon (out for season)
2017/10/10,Wizards,,Sheldon McClellan / Sheldon Mac,surgery to repair torn left Achilles tendon (out indefinitely)
2017/10/12,Heat,,Rodney McGruder,surgery on lower left leg to repair stress fracture (out indefinitely) (date approximate)
2017/10/12,Suns,,Davon Reed,surgery on left knee to repair torn meniscus (out indefinitely)
2017/10/14,Pacers,,Glenn Robinson III,surgery on left ankle (out indefinitely)
2017/10/16,Jazz,,Dante Exum,surgery to repair separated left shoulder (out indefinitely)
2017/10/17,Bulls,,Nikola Mirotic,fractured bones in face (out indefinitely)
2017/10/17,Celtics,,Gordon Hayward,fractured tibia in left leg and dislocated left ankle (out for season)
2017/10/18,Bucks,,Jabari Parker,placed on IL recovering from surgery on left knee to repair torn ACL
2017/10/18,Celtics,,Gordon Hayward,surgery on left ankle/leg to repair fractured tibia and dislocated ankle (out for season)
2017/10/18,Nets,,Jeremy Lin,ruptured patella tendon in right knee (out for season)
2017/10/22,Clippers,,Milos Teodosic / Milos Tedosic,plantar fascia in left foot (out indefinitely)
2017/10/24,Blazers,,C.J. Wilcox,right knee injury (out indefinitely)
2017/10/24,Hawks,,DeAndre' Bembry / DeAndre Bembry,surgery on right wrist to repair fracture
2017/11/2,Cavaliers,,Tristan Thompson,strained left calf (out indefinitely)
2017/11/3,Lakers,,Larry Nance Jr.,surgery on left hand/thumb to repair fracture (out indefinitley)
2017/11/9,Blazers,,C.J. Wilcox,surgery on right knee (date approximate)
2017/11/14,Heat,,Okaro White,fractured left foot (out indefinitely)
2017/11/16,Raptors,,Delon Wright,dislocated right shoulder (out indefinitely)
2017/11/17,Nets,,D'Angelo Russell,arthroscopic surgery on left knee (out indefinitely)
2017/11/21,Bucks,,Mirza Teletovic,arthroscopic surgery on left knee to repair torn cartilage (out indefinitely)
2017/11/22,Clippers,,Patrick Beverley,arthroscopic surgery on right knee to repair lateral meniscus (out for season)
2017/11/27,Nuggets,,Paul Millsap,surgery on left wrist (out indefinitely)
2017/11/28,Clippers,,Blake Griffin,sprained MCL in left knee (out indefinitely)
2017/11/30,Magic,,Terrence Ross,sprained MCL in right knee and fractured right leg (out indefinitely)
2017/12/1,Cavaliers,,Iman Shumpert,arthroscopic surgery on left knee (out indefinitely)
2017/12/1,Mavericks,,Nerlens Noel,surgery on thumb (out indefinitely)
2017/12/2,Hawks,,John Collins (b),left shoulder injury (out indefinitely)
2017/12/6,Hornets,,Steve Clifford,took leave of absense as head coach with heath issue
2017/12/6,Suns,,Devin Booker,strained adductor in left groin (out indefinitely)
2017/12/7,Hornets,,Cody Zeller,torn meniscus in left knee (out indefinitely)
2017/12/7,Pelicans,,Alexis Ajinca / Alex Ajinca,surgery on right knee (out indefinitely)
2017/12/14,Bucks,,Mirza Teletovic,blood clots in lungs (out indefinitely)
2017/12/15,Cavaliers,,John Holland,left shoulder subluxation (out) indefinitely
2017/12/17,76ers,,Furkan Korkmaz,left foot injury (out indefinitely)
2017/12/23,Magic,,Nikola Vucevic,fractured left hand (out indefinitely)
2017/12/27,Pistons,,Reggie Jackson (b),sprained right ankle (out indefinitely)
2018/1/12,Heat,,Dion Waiters,surgery on left ankle (out indefinitely) (date approximate)
2018/1/13,Jazz,,Thabo Sefolosha,surgery on right knee (out for season)
2018/1/16,Hornets,Steve Clifford,,returned to team as head coach
2018/1/18,Bulls,,Kris Dunn,concussion (out indefinitely)
2018/1/19,Warriors,,Jordan Bell,left ankle injury (out indefinitely)
2018/1/26,Pelicans,,DeMarcus Cousins,torn left Achilles tendon (out for season)
2018/1/27,Grizzlies,,Mike Conley Jr.,surgery on left heel to smooth bone (out for season) (date approximate)
2018/1/27,Nuggets,,Tyler Lydon,arthroscopic surgery on left knee (out for season)
2018/1/27,Pelicans,,DeMarcus Cousins,surgery to repair torn left Achilles tendon (out for season)
2018/1/27,Thunder,,Andre Roberson,torn patellar tendon in left knee (out for season)
2018/1/28,Thunder,,Andre Roberson,surgery on left knee to repair torn patellar tendon (out for season)
2018/1/30,Cavaliers,,Kevin Love,fractured left hand (out indefinitely)
2018/1/31,Pelicans,,DeMarcus Cousins,surgery to repair torn left Achilles tendon (out for season)
2018/1/31,Suns,,Isaiah Canaan,fractured left ankle (out indefinitely)
2018/1/31,Wizards,,John Wall (a),arthroscopic surgery on left knee (out indefinitely)
2018/2/2,Bucks,,Malcolm Brogdon,partially torn quadriceps tendon in left leg (out indefinitely)
2018/2/5,Pacers,,Darren Collison,arthroscopic surgery on left knee (out indefinitely)
2018/2/6,Knicks,,Kristaps Porzingis,torn ACL in left knee (out for season)
2018/2/7,Knicks,,Ron Baker,surgery on right shoulder to repair dislocation (out for season)
2018/2/8,Mavericks,,Seth Curry,surgery on left leg to repair stress fracture (out for season)
2018/2/13,Knicks,,Kristaps Porzingis,surgery on left knee to repair torn ACL (out for season)
2018/2/16,Lakers,,Channing Frye,appendectomy (out indefinitely)
2018/2/17,Lakers,,Channing Frye,appendectomy (out indefinitely)
2018/2/25,Timberwolves,,Jimmy Butler,surgery on right knee to repair meniscus injury
2018/2/28,Lakers,,Josh Hart,fractured left hand (out indefinitely)
2018/3/2,Clippers,,Danilo Gallinari,fractured right hand (out indefinitely)
2018/3/2,Lakers,,Josh Hart,surgery on left hand to repair fracture (out indefinitely)
2018/3/5,Hawks,,Malcolm Delaney,sprained left ankle (out for season)
2018/3/5,Hornets,,Michael Carter-Williams,sprained left shoulder (out for season)
2018/3/8,Magic,,Evan Fournier,sprained MCL in left knee (out for season)
2018/3/9,Celtics,,Jaylen Brown,concussion (out indefinitely)
2018/3/9,Hornets,,Michael Carter-Williams,surgery on left shoulder to repair posterior tear in labrum (out for season)
2018/3/9,Thunder,,Terrance Ferguson,concussion (out indefinitely)
2018/3/10,Cavaliers,,Cedi Osman,strained left hip (out indefinitely)
2018/3/11,Mavericks,,Wesley Matthews / Wes Matthews Jr.,fractured right fibula (out for season)
2018/3/12,Celtics,,Daniel Theis,torn meniscus in left knee (out for season)
2018/3/12,Celtics,,Marcus Smart,sprained right thumb (out indefinitely)
2018/3/12,Hawks,,Jaylen Morris,sprained left ankle (out for season)
2018/3/12,Hawks,,Kent Bazemore,bone bruise in right knee (out for season)
2018/3/12,Jazz,,Raulzinho Neto / Raul Neto,fractured left wrist (out indefinitely)
2018/3/13,Clippers,,Avery Bradley,surgery to repair athletic pubalgia / sports hernia (out for season)
2018/3/16,Bulls,,Kris Dunn,sprained right toe (out for season)
2018/3/16,Celtics,,Marcus Smart,surgery on right thumb (out indefinitely)
2018/3/17,Suns,,Devin Booker,sprained right hand (out for season)
2018/3/17,Suns,,Tyson Chandler,neck injury (out for season)
2018/3/19,Cavaliers,,Tyronn Lue,took leave of absence as head coach to address health issues
2018/3/20,Magic,,Jonathon Simmons,bruised right wrist (out for season)
2018/3/21,Kings,,Garrett Temple,sprained left ankle (out for season)
2018/3/22,Bulls,,Antonio Blakeney,fractured left wrist (out for season)
2018/3/23,Celtics,,Kyrie Irving,surgery on left knee (out for season)
2018/3/24,Lakers,,Isaiah Thomas,right hip injury (out for season)
2018/3/24,Warriors,,Stephen Curry,sprained MCL in left knee (out indefinitely)
2018/3/25,Hawks,,Dennis Schroder,sprained left ankle (out for season)
2018/3/26,Bulls,,Paul Zipser,sore left foot (out for season)
2018/3/27,Pelicans,,Alexis Ajinca / Alex Ajinca,surgery on left knee (out for season)
2018/3/27,Blazers,,Maurice Harkless / Moe Harkless,surgery on left knee (out indefinitely)
2018/3/28,Cavaliers,,Kevin Love,concussion (out indefinitely)
2018/3/28,Clippers,,Milos Teodosic,plantar fascia in left foot (out for season)
2018/3/28,Grizzlies,,Andrew Harrison,right wrist injury (out for season)
2018/3/28,Lakers,,Isaiah Thomas,surgery on right hip (out for season)
2018/3/28,Nets,,Isaiah Whitehead,sprained right wrist (out for season)
2018/3/28,Suns,,Elfrid Payton,left knee injury (out for season)
2018/3/29,76ers,,Joel Embiid,fractured left orbital bone (out indefinitely)
2018/3/30,Clippers,,Jawun Evans,abdominal injury / sports hernia / athletic pubalgia (out for season)
2018/3/30,Lakers,,Lonzo Ball,bruised left knee (out for season)
2018/3/31,76ers,,Joel Embiid,surgery to repair fractured left orbital bone (out indefinitely)
2018/4/1,Grizzlies,,JaMychal Green,sore left knee (out for season)
2018/4/1,Hornets,,Dwayne Bacon,sprained right ankle (out for season)
2018/4/2,Knicks,,Troy Williams,fractured jaw (out for season)
2018/4/3,Bulls,,Denzel Valentine,surgery on left knee (out for season)
2018/4/3,Clippers,,Danilo Gallinari,sore right hand (out for season)
2018/4/3,Grizzlies,,Wayne Selden Jr.,sore right knee (out for season)
2018/4/3,Kings,,Skal Labissiere,sprained left ankle (out for season)
2018/4/3,Magic,,Jonathan Isaac,sprained left ankle (out for season)
2018/4/3,Nets,,Isaiah Whitehead,surgery on right wrist (out for season)
2018/4/4,Nets,,DeMarre Carroll,strained left hip (out for season)
2018/4/5,Cavaliers,Tyronn Lue,,returned as head coach
2018/4/5,Celtics,,Kyrie Irving,surgery on left knee to remove 2 screws (out for season) (date approximate)
2018/4/5,Grizzlies,,Jarell Martin,left ankle injury (out for season)
2018/4/5,Mavericks,,Dirk Nowitzki,surgery on left ankle to remove loose debris (out for season)
2018/4/5,Suns,,Alan Williams,sore right knee (out for season)
2018/4/7,Knicks,,Tim Hardaway Jr.,sprained left ankle (out for season)
2018/4/8,Suns,,Josh Jackson,bruised right quadriceps (out for season)
2018/4/9,Clippers,,Austin Rivers,sore right elbow (out for season)
2018/4/9,Clippers,,Louis Williams / Lou Williams,sprained right ankle (out for season)
2018/4/9,Hawks,,Malcolm Delaney,arthroscopic surgery on left ankle (out for season)
2018/4/9,Kings,,Frank Mason,partially torn plantar fascia in left foot (out for season)
2018/4/9,Nets,,Joe Harris,sprained left ankle (out for season)
2018/4/10,Mavericks,,Doug McDermott,elbow injury (out for season)
2018/4/11,Knicks,,Courtney Lee,sprained left ankle (out for season)
2018/4/12,Hawks,,DeAndre' Bembry / DeAndre Bembry,fractured right wrist (out for season)
2018/4/18,Timberwolves,,Justin Patton,surgery on left foot (out for season)
2018/4/26,Nuggets,,Mason Plumlee,surgery to repair core muscle injury
2018/4/27,Wizards,,Otto Porter Jr.,surgery on left leg to remove blood around a contusion (out indefinitely)
2018/5/7,Jazz,,Dante Exum,strained left hamstring (out for season)
2018/5/9,Celtics,,Shane Larkin,sprained left shoulder (out for season)
2018/5/9,Thunder,,Paul George,arthroscopic surgery on right knee (out indefinitely)
2018/5/25,Rockets,,Chris Paul,strained right hamstring (out for season)
